{
    "theme_type": "default_theme",
    "theme_name": "Color Theme",
    "is_sound_exist": false,
    "keyboar_background_data": {
        "main_background": "main_background.jpg",
        "convenient_bg_type": "color",
        "convenient_bg": "#000000",
        "close_button_bg": "#FFFFFF",
        "close_button_color": "#000000"
    },
    "keyboar_insta_font_menu_data": {
        "is_image_background": "false",
        "background_color": "#00000080",
        "background_selected_color": "#FFFFFF",
        "insta_font_text_color": "#FFFFFF",
        "insta_font_text_selected_color": "#000000",
        "box_bg_color": "#FFFFFF",
        "box_text_color": "#000000"
    },
    "keyboard_key_data": {
        "is_different_key": false,
        "is_draw_key_text": true,
        "is_alphabet_key": false,
        "is_key_scale": false,
        "top_icon_color": "#FFFFFF",
        "normal_key": "normal_key.png",
        "hover_key": "hover_key.png",
        "shift_key_normal": "shift_key_normal.png",
        "shift_key_hover": "shift_key_hover.png",
        "symbol_key_normal": "symbol_key_normal.png",
        "symbol_key_hover": "symbol_key_hover.png",
        "emoji_key_normal": "emoji_key_normal.png",
        "emoji_key_hover": "emoji_key_hover.png",
        "space_key_normal": "space_key_normal.png",
        "space_key_hover": "space_key_hover.png",
        "enter_key_normal": "enter_key_normal.png",
        "enter_key_hover": "enter_key_hover.png",
        "enter_key_icon_color": "#FFFFFF",
        "delete_key_normal": "delete_key_normal.png",
        "delete_key_hover": "delete_key_hover.png",
        "dot_key_normal": "dot_key_normal.png",
        "dot_key_hover": "dot_key_hover.png",
        "num_pad_key_bg_color": "#292E32",
        "num_pad_function_key_bg_color": "#00000080",
        "num_pad_function_selected_key_bg_color": "#00000040",
        "key_font_color": "#FFFFFF",
        "keyboard_font_name": "SF-Pro-Text-Regular.otf",
        "key_popup": "key_popup.png",
        "key_popup_text_color": "#000000",
        "symbol_popup_bg_color": "#ffffff",
        "symbol_popup_text_color": "#000000",
        "symbol_popup_hover_bg_type": "color",
        "symbol_popup_hover_bg": "#287eee",
        "symbol_key_text_color": "#FFFFFF",
        "shift_key_text_color": "#FFFFFF",
        "number_key_text_color": "#FFFFFF"
    },
    "keyboard_sound_data": {
        "is_multiple_sound": false,
        "sound_name": "default.caf",
        "multiple_sound_list": {}
    }
}
